Aspect,Binance (Global Volume Leader),Bybit (Derivatives Specialist),Coinbase (Regulated Leader),OKX (Web3 Hybrid),Kraken (Security Veteran)
24h Trading Volume (Approx.),$8.0B – $11B+ (Spot + Derivatives),$2.0B – $2.5B+ (Strong in Perps),$1.9B – $2.2B,$1.5B – $1.7B,$0.6B – $1.1B
Founded / Users (Est.),2017 / ~250M+,2018 / ~70M+,2012 / Large US base,2017 / Strong Asia/Web3,2011 / Trusted long-term base
Technical Architecture,"High-performance C++/Rust matching engine (up to 1.4M orders/sec), Kafka, Kubernetes, Redis. Sub-ms latency, sharding for scale.","Low-latency engine optimized for derivatives/perps. Strong WebSocket APIs, hybrid CEX+DEX.","Reliable, compliance-first engine. Strong institutional APIs, lower raw speed focus.","Hybrid CEX + self-custodial Web3 wallet. Own X Layer (L2), multi-chain (30+), account abstraction.",Low-latency Pro engine with advanced risk controls. ISO 27001/SOC 2 certified security layers.
Blockchain Perspective,"Custodial model. Deposits/withdrawals on-chain. Operates BNB Chain (high TPS, EVM-compatible). zk-SNARKs in PoR. Limited on-chain for internal trading.",Custodial core + Bybit DEX (on-chain trading option). Multi-chain bridges.,Custodial with high transparency. Strong USDC integration & on-chain PoR. Focus on regulated blockchain services.,Strongest hybrid: Full non-custodial Web3 wallet + DEX aggregator. Seamless CEX ↔ DeFi.,Custodial with 95%+ cold storage. Early PoR adopter. Secure multi-sig & blockchain custody.
Banking System Analysis,"Global bank partnerships, P2P fiat. Regulatory challenges in some regions. Off-balance-sheet via partners.","Institutional custody (e.g., Sygnum). Bank-grade for pros.","Excellent fiat on-ramps. OCC trust charter elements, strong US/EU banking ties. Audited financials (NASDAQ: COIN).",Good fiat rails + institutional focus. Tokenization & T+0 settlement.,Wyoming SPDI bank charter + Fed master account. Seeking OCC national trust charter (2026). Direct payment system access.
Monetary System Management,Internal ledger (IOUs). Merkle Tree + zk-SNARKs PoR for 1:1 backing. Yield on reserves via lending/staking. Off-chain efficiency.,"Segregated assets, PoR. Funding rates in derivatives drive monetary flows.","Full 1:1 reserves. Quarterly audits, public financials. No fractional reserves. USDC interest sharing.",Hybrid custodial + on-chain. PoR transparency. Yield via Web3 staking/LP.,95% cold storage. Regular CPA-audited PoR. Highly conservative reserve management.
How the Platform Works,"Fiat/Crypto deposit → internal off-chain order book matching → fast execution. On-chain only for in/out. Ecosystem (Launchpad, staking, NFT).",Spot + advanced perps/copy trading. Unified account. DEX fallback for on-chain.,Simple buy/sell or Advanced Trade. Fiat → compliant rails. Strong education/tools.,CEX trading + seamless Web3 wallet for DeFi/NFTs/cross-chain.,Spot/Margin/Futures via Pro. Simple + Pro modes. Security-first flows.
Profitability Model,"Trading fees (0.1% or lower with BNB), listing fees, Launchpad, staking share, derivatives, ads. ~$16B+ annual revenue historically.","High derivatives fees + funding rates, copy trading, VIP tiers, rewards.","Trading fees (higher retail), custody, USDC revenue share, staking fees, institutional services. Diversified (~60% transaction).","Low fees + Web3 services, institutional, launchpad, copy trading.","Low Pro fees, staking/margin interest share. Sustainable compliant model."
Security & Audits,"PoR with zk-SNARKs, cold storage, SAFU fund. Strong track record but past regulatory issues.","PoR, risk engines. Recovered from major past hack.","Never hacked majorly. Insurance, regulated custody.","PoR, advanced wallet security.",Never lost user funds in hacks. Top-tier security reputation.
Technical Feasibility,Extremely high. Mature infra handles massive global scale.,"High, especially derivatives. Cloud-native.",High with compliance automation (KYC/AML).,"Very high (own L2, multi-chain innovation).","High, proven 15+ years reliability."
Economic Feasibility,"Very high: Low marginal cost per trade, powerful network effects, volume flywheel.",High via leverage/products. Rewards drive retention.,Regulated moat + diversified streams (stable in bears).,Diversified CEX+Web3 reduces risk.,Efficient + security premium pricing.
"Fees (Spot, Approx.)",0.1% (discounts with BNB/volume),0.1% maker/taker,0.4–0.6% maker / 0.6–1.2% taker (Advanced),0.08% maker / 0.1% taker,0.00–0.25% maker / 0.10–0.40% taker (Pro)
Supported Assets,900+,600+,300–400+,350+,200–500+
Widespread Adoption,Highest global (Asia/emerging). Deep liquidity.,Strong derivatives globally.,Dominant in US/regulated markets. High trust.,Strong Asia + Web3/DeFi users.,Europe/US serious traders.
User-Friendliness,High (Simple mode + app). Powerful but complex for beginners.,"Very high (intuitive, copy trading, mobile).","Highest for beginners (education, one-click). Advanced for pros.",High with smooth Web3 integration.,High clean interface. Pro powerful yet accessible.
Mobile App & Tools,"Excellent, full features, bots.",Top-rated for trading on-the-go.,Strong education + portfolio tracking.,Web3 wallet integration.,"Good, with advanced charting."
Expansion Potential,"Massive: New licenses, AI tools, tokenization, global Web3. Regulatory adaptation key.","High: Institutional custody, broader financial products.","Very high: Base L2, stablecoins, bank-like services, ETFs custody.",Excellent: Web3/DeFi/tokenization leadership.,"Strong: Banking charter leverage, security reputation for institutional growth."
Best For (Your Criteria),"Technical depth, volume research, global scale.",Derivatives technical analysis.,"Banking integration, regulated research.",Blockchain/Web3 hybrid research.,"Security, advanced technical tools, long-term trust."